Etablissement,CA_annuel_EUR,Couts_total_pro_EUR,Couts_total_centrale_EUR,Economie_total_EUR,Percent_economie
Chambre d'hote Premium,76650.0,24528.0,22236.165,2291.835,9.34375
Vignoble Hotel (10 ch.) + Restaurant,1126500.0,563250.0,510191.85,53058.15,9.42
Grand Gite Premium (8 pers.),36500.0,11680.0,10340.45,1339.55,11.46875
Villa Premium (10 pers.),80300.00000000001,31317.000000000007,27735.620000000006,3581.380000000001,11.435897435897436
